SALE TYPE,SOLD DATE,PROPERTY TYPE,ADDRESS,CITY,STATE OR PROVINCE,ZIP OR POSTAL CODE,PRICE,BEDS,BATHS,LOCATION,SQUARE FEET,LOT SIZE,YEAR BUILT,DAYS ON MARKET,$/SQUARE FEET,HOA/MONTH,STATUS,NEXT OPEN HOUSE START TIME,NEXT OPEN HOUSE END TIME,URL (SEE https://www.redfin.com/buy-a-home/comparative-market-analysis FOR INFO ON PRICING),SOURCE,MLS#,FAVORITE,INTERESTED,LATITUDE,LONGITUDE
"In accordance with local MLS rules, some MLS listings are not included in the download"
MLS Listing,,Condo/Co-op,69-10 Yellowstone #427,Forest Hills,NY,11375,340000,1,1.0,69-10 Yellowstone,,,1942,1,,1063,Active,July-20-2024 01:30 PM,July-20-2024 03:30 PM,https://www.redfin.com/NY/Forest-Hills/6910-Yellowstone-Blvd-11375/unit-427/home/20630059,OneKey® MLS as Distributed by MLS Grid,3565242,N,Y,40.7240934,-73.8471788
MLS Listing,,Condo/Co-op,111-14 76th Ave #310,Forest Hills,NY,11375,485000,1,1.0,Longfellow Hall,873,18910,1938,10,556,850,Active,July-13-2024 01:00 PM,July-13-2024 03:00 PM,https://www.redfin.com/NY/Forest-Hills/11114-76th-Ave-11375/unit-310/home/20887815,OneKey® MLS as Distributed by MLS Grid,3563240,N,Y,40.7163954,-73.8368936
MLS Listing,,Single Family Residential,234-15 131st Ave,Rosedale,NY,11422,699000,4,1.5,Rosedale,1260,4000,1945,30,555,,Active,,,https://www.redfin.com/NY/Rosedale/23415-131st-Ave-11422/home/20700867,OneKey® MLS as Distributed by MLS Grid,3558584,N,Y,40.6782628,-73.7334136
MLS Listing,,Single Family Residential,207-20 34th Ave,Bayside,NY,11361,1188000,3,1.5,Bayside,1451,2500,1925,50,819,,Active,July-13-2024 01:00 PM,July-13-2024 03:00 PM,https://www.redfin.com/NY/Bayside/20720-34th-Ave-11361/home/20835771,OneKey® MLS as Distributed by MLS Grid,3553877,N,Y,40.768508,-73.780836
MLS Listing,,Condo/Co-op,41-15 45th St Unit 3D,Sunnyside,NY,11104,449000,1,1.0,41-15 45th St Co-Op,,,1943,67,,861,Active,,,https://www.redfin.com/NY/Sunnyside/4115-45th-St-11104/unit-3D/home/20632236,OneKey® MLS as Distributed by MLS Grid,3549650,N,Y,40.7460474,-73.9188117
MLS Listing,,Single Family Residential,172-58 126th Ave,Jamaica,NY,11434,710000,3,1.0,Jamaica,1050,3450,1962,73,676,,Active,,,https://www.redfin.com/NY/Jamaica/17258-126th-Ave-11434/home/20706565,OneKey® MLS as Distributed by MLS Grid,3548066,N,Y,40.6811004,-73.7699277
MLS Listing,,Single Family Residential,102-05 217th St,Queens Village,NY,11429,760000,3,3.0,Queens Village,1628,4000,1925,78,467,,Active,July-13-2024 12:30 PM,July-13-2024 02:00 PM,https://www.redfin.com/NY/Queens-Village/10205-217th-St-11429/home/20737467,OneKey® MLS as Distributed by MLS Grid,3547165,N,Y,40.7133288,-73.7411183
MLS Listing,,Multi-Family (2-4 Unit),825 E 21st St,Midwood,NY,11210,1588888,5,2.5,Midwood,2702,2500,1915,85,588,,Active,,,https://www.redfin.com/NY/Brooklyn/825-E-21st-St-11210/home/40790106,OneKey® MLS as Distributed by MLS Grid,3545697,N,Y,40.6335649,-73.9565789
MLS Listing,,Condo/Co-op,35-05 72nd St Unit 3G,Jackson Heights,NY,11372,360000,1,1.0,Jac Towers,,,1936,98,,838,Active,July-14-2024 03:30 PM,July-14-2024 04:30 PM,https://www.redfin.com/NY/Jackson-Heights/3505-72nd-St-11372/unit-3G/home/20645114,OneKey® MLS as Distributed by MLS Grid,3542550,N,Y,40.750586,-73.893645
MLS Listing,,Multi-Family (2-4 Unit),145-51 Arlington Ter,Jamaica,NY,11435,749000,2,2.0,Jamaica,1290,2200,1930,101,581,,Active,July-14-2024 01:00 PM,July-14-2024 03:00 PM,https://www.redfin.com/NY/Jamaica/14551-Arlington-Ter-11435/home/20714964,OneKey® MLS as Distributed by MLS Grid,3541665,N,Y,40.690853,-73.801421
MLS Listing,,Townhouse,235A Hart St,Bedford-stuyvesant,NY,11206,995000,4,1.5,Bedford-Stuyvesant,1428,1400,2000,105,697,,Active,,,https://www.redfin.com/NY/Brooklyn/235A-Hart-St-11206/home/190338004,OneKey® MLS as Distributed by MLS Grid,3541021,N,Y,40.6941556,-73.9416976
MLS Listing,,Condo/Co-op,3320 Avenue H Unit 3E,Midwood,NY,11210,249000,1,1.0,Mansfield Gardens,,,1950,106,,568,Active,,,https://www.redfin.com/NY/Brooklyn/3320-Avenue-H-11210/unit-3E/home/143295495,OneKey® MLS as Distributed by MLS Grid,3540717,N,Y,40.6315253,-73.9436762
MLS Listing,,Condo/Co-op,2575 Palisade Ave Unit 4KJ,Bronx,NY,10463,849000,3,2.0,Riveredge,1600,,1958,149,531,2146,Active,,,https://www.redfin.com/NY/Bronx/2575-Palisade-Ave-10463/unit-4KJ/home/189642687,OneKey® MLS as Distributed by MLS Grid,H6278683,N,Y,40.8818819,-73.921791
MLS Listing,,Single Family Residential,144 Johnson Ave,Staten Island,NY,10307,749000,3,1.5,Tottenville,1840,11977,1945,1,407,,Active,,,https://www.redfin.com/NY/Staten-Island/144-Johnson-Ave-10307/home/56057078,SIBORMLS,2403752,N,Y,40.51191,-74.247782
MLS Listing,,Townhouse,271 Oakland Ave,Staten Island,NY,10310,899999,3,2.0,West Brighton,2474,5800,1920,1,364,,Active,,,https://www.redfin.com/NY/Staten-Island/271-Oakland-Ave-10310/home/56034369,SIBORMLS,2403704,N,Y,40.6356484,-74.1110586
MLS Listing,,Single Family Residential,292 Thomas St,Staten Island,NY,10306,949000,3,3.0,Richmond Town,1680,4299,1975,1,565,,Active,,,https://www.redfin.com/NY/Staten-Island/292-Thomas-St-10306/home/56069783,SIBORMLS,2403816,N,Y,40.5683668,-74.1381937
MLS Listing,,Single Family Residential,35 Julieann Ct,Staten Island,NY,10304,2688000,4,3.5,Todt Hill,5400,12475,1998,1,498,,Active,July-13-2024 12:00 PM,July-13-2024 02:00 PM,https://www.redfin.com/NY/Staten-Island/35-Julieann-Ct-10304/home/56099831,SIBORMLS,2403954,N,Y,40.5896492,-74.1082133
MLS Listing,,Multi-Family (2-4 Unit),115-99 219th St,Cambria Heights,NY,11411,999999,6,3.0,Cambria Heights,2100,4100,1950,1,476,,Active,,,https://www.redfin.com/NY/Cambria-Heights/11599-219th-St-11411/home/20728139,OneKey® MLS as Distributed by MLS Grid,3565258,N,Y,40.6975259,-73.7395872
MLS Listing,,Multi-Family (2-4 Unit),839 E 228th St,Bronx,NY,10466,1250000,6,4.0,BRONX,3000,3023,1930,1,417,,Active,,,https://www.redfin.com/NY/Bronx/839-E-228th-St-10466/home/44739696,OneKey® MLS as Distributed by MLS Grid,H6316803,N,Y,40.8887168,-73.8548523
MLS Listing,,Multi-Family (2-4 Unit),776 Adee Ave,Bronx,NY,10467,865000,4,2.0,BRONX,1476,2801,1930,1,586,,Active,,,https://www.redfin.com/NY/Bronx/776-Adee-Ave-10467/home/44780122,OneKey® MLS as Distributed by MLS Grid,H6316379,N,Y,40.869457,-73.8640576
MLS Listing,,Condo/Co-op,150-20 71st Ave #6,Kew Garden Hills,NY,11367,359000,2,1.0,Dara Gardens,,,1956,1,,1075,Active,,,https://www.redfin.com/NY/Flushing/150-20-71st-Ave-11367/unit-6/home/168661921,OneKey® MLS as Distributed by MLS Grid,3564526,N,Y,40.7287357,-73.8172427
MLS Listing,,Multi-Family (2-4 Unit),4439 Byron Ave,Wakefield,NY,10466,639900,4,2.0,Wakefield,1200,1656,1940,1,533,,Active,July-13-2024 11:30 AM,July-13-2024 01:30 PM,https://www.redfin.com/NY/Bronx/4439-Byron-Ave-10466/home/44783094,OneKey® MLS as Distributed by MLS Grid,3564016,N,Y,40.8986245,-73.8522421
MLS Listing,,Condo/Co-op,43-20 Douglaston Pkwy Unit 4H,Douglaston,NY,11363,339000,1,1.0,Wellesley Gardens,697,,1964,1,486,780,Active,,,https://www.redfin.com/NY/Douglaston/43-20-Douglaston-Pkwy-11363/unit-4H/home/191552185,OneKey® MLS as Distributed by MLS Grid,3564982,N,Y,40.767612,-73.7472383
MLS Listing,,Multi-Family (2-4 Unit),186-20 Murdock Ave,Saint Albans,NY,11412,800000,4,2.0,Saint Albans,,4897,1930,1,,,Active,,,https://www.redfin.com/NY/Jamaica/18620-Murdock-Ave-11412/home/20750040,OneKey® MLS as Distributed by MLS Grid,3563238,N,Y,40.6969579,-73.7677483
MLS Listing,,Condo/Co-op,2711 X Ave Unit 3K,Brooklyn,NY,11235,249999,1,1.0,Brooklyn,800,,,1,312,,Active,,,https://www.redfin.com/NY/Brooklyn/2711-Avenue-S-11229/unit-3K/home/191564786,BNYMLS,484511,N,Y,40.6050345,-73.9451571
MLS Listing,,Multi-Family (2-4 Unit),1598 East 91 St,Brooklyn,NY,11236,899000,5,3.5,Brooklyn,1630,4200,,1,552,,Active,,,https://www.redfin.com/NY/Brooklyn/1598-E-91st-St-11236/home/40896047,BNYMLS,484512,N,Y,40.6321148,-73.8959464
MLS Listing,,Single Family Residential,110 Pearsall St,Staten Island,NY,10305,460000,3,2.0,South Beach,1050,,1990,1,438,,Active,,,https://www.redfin.com/NY/Staten-Island/110-Pearsall-St-10305/home/56042871,SIBORMLS,2403969,N,Y,40.588528,-74.073547
MLS Listing,,Single Family Residential,118-31 203rd Street St,Saint Albans,NY,11412,625000,3,1.0,Saint Albans,,4000,1950,1,,,Active,July-13-2024 02:00 PM,July-13-2024 03:00 PM,https://www.redfin.com/NY/Saint-Albans/11831-203rd-St-11412/home/20706719,OneKey® MLS as Distributed by MLS Grid,3565238,N,Y,40.6935087,-73.7480762
MLS Listing,,Condo/Co-op,31-50 140 St Unit 6K,Flushing,NY,11354,450000,3,2.0,Linden Towers #1,1300,,1955,1,346,1159,Pre On-Market,July-14-2024 12:00 PM,July-14-2024 02:00 PM,https://www.redfin.com/NY/Flushing/3150-140th-St-11354/unit-6K/home/92322708,OneKey® MLS as Distributed by MLS Grid,3565236,N,Y,40.770323,-73.829419
MLS Listing,,Multi-Family (2-4 Unit),37 Bay 14th St,Brooklyn,NY,11214,1298000,3,2.0,Brooklyn,1680,2762,1955,1,773,,Active,July-13-2024 01:00 PM,July-13-2024 02:00 PM,https://www.redfin.com/NY/Brooklyn/37-Bay-14th-St-11214/home/40830501,BNYMLS,484202,N,Y,40.6082042,-74.0062853
MLS Listing,,Single Family Residential,84 A Lamped Loop,Staten Island,NY,10314,525000,2,1.5,New Springville,1649,1649,1986,1,318,292,Active,,,https://www.redfin.com/NY/Staten-Island/84A-Lamped-Loop-10314/home/56080421,SIBORMLS,2403968,N,Y,40.585421,-74.162688
MLS Listing,,Single Family Residential,186-28 Midland Pkwy,Jamaica Estates,NY,11432,2150000,5,3.0,Jamaica Estates,2219,7354,1925,1,969,,Active,July-18-2024 05:30 PM,July-18-2024 07:30 PM,https://www.redfin.com/NY/Jamaica/18628-Midland-Pkwy-11432/home/20813675,OneKey® MLS as Distributed by MLS Grid,3565225,N,Y,40.72427,-73.7796651
MLS Listing,,Single Family Residential,23 Monroe St,Inwood,NY,11096,599000,3,1.0,Inwood,,3680,1923,1,,,Active,,,https://www.redfin.com/NY/Inwood/23-Monroe-St-11096/home/20386511,OneKey® MLS as Distributed by MLS Grid,3565223,N,Y,40.6126412,-73.7484793
MLS Listing,,Multi-Family (2-4 Unit),64-20 Eliot Ave,Middle Village,NY,11379,999000,5,2.0,Middle Village,,1897,1935,1,,,Active,July-14-2024 12:00 PM,July-14-2024 01:30 PM,https://www.redfin.com/NY/Middle-Village/6420-Eliot-Ave-11379/home/20905548,OneKey® MLS as Distributed by MLS Grid,3565220,N,Y,40.7159664,-73.8978199
MLS Listing,,Condo/Co-op,1040 Neilson St Unit 6K,Far Rockaway,NY,11691,100000,0,1.0,1040 Neilson St Owners,500,,1960,1,200,694,Active,,,https://www.redfin.com/NY/Far-Rockaway/10-40-Neilson-St-11691/unit-6K/home/190441710,OneKey® MLS as Distributed by MLS Grid,3565219,N,Y,40.6042895,-73.7478287
MLS Listing,,Condo/Co-op,1530 E 8th St Unit 6N,Brooklyn,NY,11230,269000,1,1.0,Brooklyn,700,,,1,384,,Active,,,https://www.redfin.com/NY/Brooklyn/1530-E-8th-St-11230/unit-6N/home/179297078,BNYMLS,484426,N,Y,40.6113352,-73.9658108
MLS Listing,,Single Family Residential,2043 Colonial Ave,Bronx,NY,10461,779000,5,2.5,BRONX,2088,4583,1901,1,373,,Active,,,https://www.redfin.com/NY/Bronx/2043-Colonial-Ave-10461/home/44778190,OneKey® MLS as Distributed by MLS Grid,H6317906,N,Y,40.8537884,-73.8287792
MLS Listing,,Single Family Residential,186 Lamped Loop,Staten Island,NY,10314,519900,4,2.5,New Springville,1334,667,1988,1,390,267,Active,July-14-2024 12:00 PM,July-14-2024 02:00 PM,https://www.redfin.com/NY/Staten-Island/186-Lamped-Loop-10314/home/185875180,SIBORMLS,2403967,N,Y,40.5849104,-74.1617277
MLS Listing,,Multi-Family (2-4 Unit),1103 Mace Ave,Bronx,NY,10469,799000,4,2.5,BRONX,1692,2100,1965,1,472,,Active,July-13-2024 02:30 PM,July-13-2024 04:30 PM,https://www.redfin.com/NY/Bronx/1103-Mace-Ave-10469/home/44735077,OneKey® MLS as Distributed by MLS Grid,H6317446,N,Y,40.8631962,-73.8555749
MLS Listing,,Condo/Co-op,2580 Ocean Pkwy Unit 1P,Brooklyn,NY,11235,369000,1,1.0,Brooklyn,850,,1961,1,434,,Active,,,https://www.redfin.com/NY/Brooklyn/2580-Ocean-Pkwy-11235/unit-1P/home/191450585,BNYMLS,484499,N,Y,40.5869744,-73.9666204
MLS Listing,,Townhouse,82 Stafford Ave Ave,Staten Island,NY,10312,1179000,4,4.0,Annandale,2800,4000,1998,1,421,,Active,July-13-2024 11:00 AM,July-13-2024 01:00 PM,https://www.redfin.com/NY/Staten-Island/82-Stafford-Ave-10312/home/56125238,SIBORMLS,2403966,N,Y,40.5500651,-74.1838103
MLS Listing,,Condo/Co-op,914 Union Ave Unit A,Bronx,NY,10459,430000,3,1.5,819 East 161st Street,1074,,1994,1,400,227,Active,,,https://www.redfin.com/NY/Bronx/914-Union-Ave-10459/unit-A/home/44746778,OneKey® MLS as Distributed by MLS Grid,3565197,N,Y,40.82154,-73.901777
MLS Listing,,Multi-Family (2-4 Unit),335 Lincoln Ave,Cypress Hills,NY,11208,999999,7,2.0,Cypress Hills,,2702,1920,1,,,Active,,,https://www.redfin.com/NY/Brooklyn/335-Lincoln-Ave-11208/home/40764268,OneKey® MLS as Distributed by MLS Grid,3565194,N,Y,40.6817905,-73.8685286
MLS Listing,,Single Family Residential,73-16 183 St,Fresh Meadows,NY,11366,1190000,5,2.5,Fresh Meadows,,4000,1950,1,,,Active,,,https://www.redfin.com/NY/Fresh-Meadows/7316-183rd-St-11366/home/20815861,OneKey® MLS as Distributed by MLS Grid,3565193,N,Y,40.7310947,-73.7873907
MLS Listing,,Condo/Co-op,65-18 Austin St Unit 8A,Rego Park,NY,11374,959390,2,2.0,Austin Condo,961,,2022,1,998,271,Active,,,https://www.redfin.com/NY/Queens/65-18-Austin-St-11374/unit-8A/home/181792356,OneKey® MLS as Distributed by MLS Grid,3565196,N,Y,40.7259759,-73.8599803
MLS Listing,,Condo/Co-op,65-18 Austin St Unit 2E,Rego Park,NY,11374,718600,2,2.0,Austin Condo,836,,2022,1,860,267,Active,,,https://www.redfin.com/NY/Rego-Park/65-18-Austin-St-11374/unit-2E/home/191561384,OneKey® MLS as Distributed by MLS Grid,3565190,N,Y,40.7259759,-73.8599803
MLS Listing,,Condo/Co-op,65-18 Austin St Unit 4E,Rego Park,NY,11374,752040,2,2.0,Austin Condo,836,,2022,1,900,283,Active,,,https://www.redfin.com/NY/Rego-Park/65-18-Austin-St-11374/unit-4E/home/191561383,OneKey® MLS as Distributed by MLS Grid,3565192,N,Y,40.7259759,-73.8599803
MLS Listing,,Multi-Family (2-4 Unit),104-71 115th St,Jamaica,NY,11419,1600000,6,4.5,Jamaica,,3887,1915,1,,,Active,,,https://www.redfin.com/NY/South-Richmond-Hill/10471-115th-St-11419/home/20768416,OneKey® MLS as Distributed by MLS Grid,3565191,N,Y,40.6839159,-73.826619
MLS Listing,,Condo/Co-op,65-18 Austin St Unit 2A,Rego Park,NY,11374,741550,2,2.0,Austin Condo,863,,2022,1,859,276,Active,,,https://www.redfin.com/NY/Rego-Park/65-18-Austin-St-11374/unit-2A/home/191561116,OneKey® MLS as Distributed by MLS Grid,3565187,N,Y,40.7259759,-73.8599803
MLS Listing,,Single Family Residential,149-36 18th Ave,Whitestone,NY,11357,1150000,4,3.5,Whitestone,1720,2600,1930,1,669,,Pre On-Market,,,https://www.redfin.com/NY/Whitestone/14936-18th-Ave-11357/home/20862742,OneKey® MLS as Distributed by MLS Grid,3565180,N,Y,40.7826509,-73.8154164
MLS Listing,,Single Family Residential,48-27 213th St,Bayside,NY,11364,1350000,4,2.5,Bayside,1344,4000,1940,1,1004,,Active,,,https://www.redfin.com/NY/Flushing/48-27-213th-St-11364/home/191559620,OneKey® MLS as Distributed by MLS Grid,3565173,N,Y,40.7547824,-73.7675404
MLS Listing,,Single Family Residential,111-40 200th St,Saint Albans,NY,11412,699000,3,1.0,Saint Albans,1300,4000,1925,1,538,,Pre On-Market,,,https://www.redfin.com/NY/Saint-Albans/11140-200th-St-11412/home/20740504,OneKey® MLS as Distributed by MLS Grid,3565175,N,Y,40.7029083,-73.7562534
MLS Listing,,Single Family Residential,151-15 33rd Rd,Flushing,NY,11354,1150000,3,1.0,Flushing,,2500,1935,1,,,Active,July-20-2024 01:00 PM,July-20-2024 02:30 PM,https://www.redfin.com/NY/Flushing/15115-33rd-Rd-11354/home/20850132,OneKey® MLS as Distributed by MLS Grid,3565174,N,Y,40.7681539,-73.8123919
MLS Listing,,Multi-Family (2-4 Unit),2359 Bragg St,Brooklyn,NY,11229,919900,3,2.0,Brooklyn,1540,2833,1955,1,597,,Active,,,https://www.redfin.com/NY/Brooklyn/2359-Bragg-St-11229/home/40865373,BNYMLS,484503,N,Y,40.5951041,-73.9347972
MLS Listing,,Multi-Family (2-4 Unit),6906 12th Ave,Brooklyn,NY,11228,2688000,7,5.0,Brooklyn,3520,3000,1920,1,764,,Active,,,https://www.redfin.com/NY/Brooklyn/6906-12th-Ave-11228/home/40821199,BNYMLS,484509,N,Y,40.624979,-74.0065295
MLS Listing,,Single Family Residential,9215 Avenue L,Canarsie,NY,11236,779000,5,3.0,Canarsie,,1680,1931,1,,,Active,,,https://www.redfin.com/NY/Brooklyn/9215-Avenue-L-11236/home/40892927,OneKey® MLS as Distributed by MLS Grid,3565170,N,Y,40.6367604,-73.8986505
MLS Listing,,Condo/Co-op,9840 64 Rd Unit 1A,Rego Park,NY,11374,359000,1,1.0,Walden Terrace,850,,1955,1,422,785,Active,,,https://www.redfin.com/NY/Rego-Park/98-40-64th-Rd-11374/unit-1A/home/191559547,OneKey® MLS as Distributed by MLS Grid,3565171,N,Y,40.7298982,-73.8572676
MLS Listing,,Townhouse,99-08 207th St,Queens Village,NY,11429,650000,3,1.5,Queens Village,1504,1799,1950,1,432,,Active,,,https://www.redfin.com/NY/Queens-Village/9908-207th-St-11429/home/20742783,OneKey® MLS as Distributed by MLS Grid,3565168,N,Y,40.7129759,-73.7528164
MLS Listing,,Condo/Co-op,10 Heaney Ave #10,Staten Island,NY,10303,320000,2,1.0,Chester Place Condominiu,1132,,1990,1,283,229,Active,,,https://www.redfin.com/NY/Staten-Island/10-Heaney-Ave-10303/unit-10/home/56016693,OneKey® MLS as Distributed by MLS Grid,H6317924,N,Y,40.6261602,-74.1587736
MLS Listing,,Condo/Co-op,11020 71st Ave #202,Forest Hills,NY,11375,379000,1,1.0,The Majestic,750,,1955,1,505,,Active,,,https://www.redfin.com/NY/Forest-Hills/11020-71st-Ave-11375/unit-202/home/20628343,OneKey® MLS as Distributed by MLS Grid,3565165,N,Y,40.7224214,-73.8406646
MLS Listing,,Single Family Residential,231-23 128th Rd,Laurelton,NY,11413,669990,4,3.0,Laurelton,1188,4300,1950,1,564,,Pre On-Market,,,https://www.redfin.com/NY/Springfield-Gardens/23123-128th-Rd-11413/home/20699329,OneKey® MLS as Distributed by MLS Grid,3565164,N,Y,40.682732,-73.7339718
MLS Listing,,Multi-Family (2-4 Unit),201 Gates Ave,Clinton Hill,NY,11238,2500000,5,4.0,Clinton Hill,,1742,1899,1,,,Active,,,https://www.redfin.com/NY/Brooklyn/201-Gates-Ave-11238/home/40732343,OneKey® MLS as Distributed by MLS Grid,3565135,N,Y,40.6853667,-73.9596386
MLS Listing,,Single Family Residential,52-71 73rd St,Maspeth,NY,11378,888000,3,2.0,Maspeth,,2406,1920,1,,,Active,,,https://www.redfin.com/NY/Maspeth/5271-73rd-St-11378/home/20910516,OneKey® MLS as Distributed by MLS Grid,3565152,N,Y,40.7317001,-73.8903063
MLS Listing,,Single Family Residential,162-66 Pidgeon Meadow Rd,Flushing,NY,11358,729000,3,1.0,Flushing,,2047,1920,1,,,Active,,,https://www.redfin.com/NY/Flushing/16266-Pidgeon-Meadow-Rd-11358/home/20848216,OneKey® MLS as Distributed by MLS Grid,3565158,N,Y,40.751922,-73.8041361
MLS Listing,,Multi-Family (2-4 Unit),227-10 57th Rd,Oakland Gardens,NY,11364,1590000,7,5.0,Oakland Gardens,3428,3498,1965,1,464,,Active,July-14-2024 12:00 PM,July-14-2024 02:00 PM,https://www.redfin.com/NY/Oakland-Gardens/22710-57th-Rd-11364/home/20808331,OneKey® MLS as Distributed by MLS Grid,3565132,N,Y,40.7529206,-73.7513601
MLS Listing,,Single Family Residential,1034 N 2nd St,New Hyde Park,NY,11040,1100000,4,2.0,New Hyde Park,,6000,1941,1,,,Active,,,https://www.redfin.com/NY/New-Hyde-Park/1034-N-2nd-St-11040/home/20553717,OneKey® MLS as Distributed by MLS Grid,3565131,N,Y,40.739169,-73.6980992
MLS Listing,,Single Family Residential,240-42 Little Neck Rd,Douglaston,NY,11363,888000,3,2.0,Douglaston,1800,9900,1930,1,493,,Active,July-20-2024 02:00 PM,July-20-2024 03:30 PM,https://www.redfin.com/NY/Little-Neck/24042-Little-Neck-Rd-11363/home/20804390,OneKey® MLS as Distributed by MLS Grid,3565141,N,Y,40.7718141,-73.7453293
MLS Listing,,Condo/Co-op,91-08 32 Ave #409,East Elmhurst,NY,11369,400000,2,1.0,North Ridge,,,1952,1,,990,Active,July-13-2024 01:00 PM,July-13-2024 03:00 PM,https://www.redfin.com/NY/East-Elmhurst/9108-32nd-Ave-11369/unit-409/home/20637416,OneKey® MLS as Distributed by MLS Grid,3565129,N,Y,40.757706,-73.876755
MLS Listing,,Condo/Co-op,310 Lenox Rd Unit 5A,Flatbush,NY,11226,290000,1,1.0,The Gentry,,,1957,1,,,Active,,,https://www.redfin.com/NY/Brooklyn/310-Lenox-Rd-11226/unit-5A/home/191559365,OneKey® MLS as Distributed by MLS Grid,3565137,N,Y,40.6537977,-73.949116
MLS Listing,,Multi-Family (2-4 Unit),3011 Matthews Ave,Bronx,NY,10467,1069000,7,4.0,BRONX,3520,,1931,1,304,,Active,,,https://www.redfin.com/NY/Bronx/3011-Matthews-Ave-10467/home/44741805,OneKey® MLS as Distributed by MLS Grid,H6314888,N,Y,40.8702416,-73.8626868
MLS Listing,,Condo/Co-op,97-45 63rd Dr Unit 4H,Rego Park,NY,11374,838000,2,2.0,Rego Park Plaza,892,,2018,1,939,388,Active,,,https://www.redfin.com/NY/Rego-Park/9745-63rd-Dr-11374/unit-4H/home/145549968,OneKey® MLS as Distributed by MLS Grid,3565156,N,Y,40.731056,-73.859225
MLS Listing,,Multi-Family (2-4 Unit),4709 Fort Hamilton Pkwy,Brooklyn,NY,11219,1999000,6,2.0,Brooklyn,3240,1872,1910,1,617,,Active,,,https://www.redfin.com/NY/Brooklyn/4709-Fort-Hamilton-Pkwy-11219/home/191559178,BNYMLS,484508,N,Y,40.6389802,-73.9963292
MLS Listing,,Townhouse,339 Mountainview Ave,Staten Island,NY,10314,1148000,4,2.5,Manor Heights,2564,5437,1975,1,448,,Active,July-13-2024 12:00 PM,July-13-2024 02:00 PM,https://www.redfin.com/NY/Staten-Island/339-Mountainview-Ave-10314/home/56086970,SIBORMLS,2403963,N,Y,40.6033681,-74.1252202
MLS Listing,,Condo/Co-op,2250 Brigham St Unit 1D,Brooklyn,NY,11229,215000,2,1.0,Brooklyn,950,,,1,226,,Active,,,https://www.redfin.com/NY/Brooklyn/2250-Brigham-St-11229/unit-1D/home/191558742,BNYMLS,484494,N,Y,40.5977235,-73.9352176
MLS Listing,,Multi-Family (2-4 Unit),1119 E 224th St,Bronx,NY,10466,975000,,5.0,Bronx,3000,2312,,1,325,,Active,,,https://www.redfin.com/NY/Bronx/1119-E-224th-St-10466/home/44788091,BNYMLS,484506,N,Y,40.8834268,-73.8488744
MLS Listing,,Condo/Co-op,11 Windham Loop Unit 1 Ii,Staten Island,NY,10314,399000,1,1.0,New Springville,754,753,1979,1,529,509,Active,,,https://www.redfin.com/NY/Staten-Island/11-Windham-Loop-10314/unit-1II/home/56043925,SIBORMLS,2403961,N,Y,40.5781826,-74.1626869
MLS Listing,,Multi-Family (2-4 Unit),125-15 152nd Ave,South Ozone Park,NY,11420,1288888,6,2.5,South Ozone Park,,4000,1950,1,,,Active,July-13-2024 01:30 PM,July-13-2024 03:00 PM,https://www.redfin.com/NY/South-Ozone-Park/12515-152nd-Ave-11420/home/20719305,OneKey® MLS as Distributed by MLS Grid,3565118,N,Y,40.6640749,-73.8155018
MLS Listing,,Single Family Residential,186-08 Dormans Rd,Saint Albans,NY,11412,780000,4,2.5,Saint Albans,,3000,1930,1,,,Active,,,https://www.redfin.com/NY/Saint-Albans/18608-Dormans-Rd-11412/home/20754864,OneKey® MLS as Distributed by MLS Grid,3565117,N,Y,40.6966629,-73.7684933
MLS Listing,,Single Family Residential,30 Imperial Ct,Staten Island,NY,10304,680000,3,2.5,Clifton,1288,2300,2006,1,528,,Active,,,https://www.redfin.com/NY/Staten-Island/30-Imperial-Ct-10304/home/56127572,SIBORMLS,2403960,N,Y,40.6157921,-74.0800043
MLS Listing,,Condo/Co-op,87-46 Chelsea St Unit 4F,Jamaica Hills,NY,11432,199000,1,1.0,8746 Chelsea Owners Corp,,,1963,1,,769,Active,,,https://www.redfin.com/NY/Jamaica/8746-Chelsea-St-11432/unit-4F/home/20625754,OneKey® MLS as Distributed by MLS Grid,3565109,N,Y,40.714763,-73.776178
MLS Listing,,Condo/Co-op,85 Elmwood Park Dr Unit 51d,Staten Island,NY,10314,369900,1,1.0,New Springville,695,695,1985,1,532,248,Active,,,https://www.redfin.com/NY/Staten-Island/85-Elmwood-Park-Dr-10314/unit-51d/home/191558058,SIBORMLS,2403959,N,Y,40.5800129,-74.1614791
MLS Listing,,Single Family Residential,324 Kiswick St,Staten  Island,NY,10306,850000,3,2.0,Staten  Island,1500,2500,2019,1,567,,Active,,,https://www.redfin.com/NY/Staten-Island/324-Kiswick-St-10306/home/160471941,BNYMLS,484484,N,Y,40.5710571,-74.0988181
MLS Listing,,Condo/Co-op,946 59th St Unit 4B,Brooklyn,NY,11219,428000,2,1.0,Brooklyn,900,,1930,1,476,,Active,,,https://www.redfin.com/NY/Brooklyn/946-59th-St-11219/unit-4B/home/112967184,BNYMLS,484480,N,Y,40.6339124,-74.0058434
MLS Listing,,Townhouse,32 Barker St,Staten Island,NY,10310,399000,3,2.5,West Brighton,1445,3000,2002,1,276,,Active,,,https://www.redfin.com/NY/Staten-Island/32-Barker-St-10310/home/56072738,SIBORMLS,2403958,N,Y,40.6365321,-74.1218622
MLS Listing,,Multi-Family (2-4 Unit),106-06 79th St,Ozone Park,NY,11417,975000,5,3.0,Ozone Park,1632,2007,1930,1,597,,Active,,,https://www.redfin.com/NY/Ozone-Park/10606-79th-St-11417/home/20782965,OneKey® MLS as Distributed by MLS Grid,3565105,N,Y,40.6778872,-73.8584563
MLS Listing,,Vacant Land,273 East 40th St,East Flatbush,NY,11203,399999,,,East Flatbush,,2204,,1,,,Active,,,https://www.redfin.com/NY/Brooklyn/273-E-40th-St-11203/home/40780168,OneKey® MLS as Distributed by MLS Grid,3565100,N,Y,40.6506043,-73.9395068
MLS Listing,,Multi-Family (5+ Unit),1124-26 Richmond Ter,Staten Island,NY,10310,2225000,9,18.0,West Brighton,4778,12400,1931,1,466,,Active,,,https://www.redfin.com/NY/Staten-Island/1124-Richmond-Ter-10310/home/191557280,SIBORMLS,2403957,N,Y,40.6450069,-74.1083405
MLS Listing,,Single Family Residential,217-14 133rd Rd,Springfield Gardens,NY,11413,599000,3,2.0,Springfield Gardens,,3200,1925,1,,,Active,July-13-2024 12:00 PM,July-13-2024 02:00 PM,https://www.redfin.com/NY/Springfield-Gardens/21714-133rd-Rd-11413/home/20700420,OneKey® MLS as Distributed by MLS Grid,3565092,N,Y,40.6802906,-73.7513183
MLS Listing,,Multi-Family (2-4 Unit),507 Vermont St,East New York,NY,11207,988000,9,4.5,East New York,3000,2000,1910,1,329,,Active,,,https://www.redfin.com/NY/Brooklyn/507-Vermont-St-11207/home/40297927,OneKey® MLS as Distributed by MLS Grid,3565091,N,Y,40.6669676,-73.8923741
MLS Listing,,Single Family Residential,40 Seaside Ln,Staten Island,NY,10305,549000,3,1.5,South Beach,1432,1122,1991,1,383,,Active,,,https://www.redfin.com/NY/Staten-Island/40-Seaside-Ln-10305/home/56114341,SIBORMLS,2403956,N,Y,40.5945799,-74.0636818
MLS Listing,,Condo/Co-op,1358 53rd St Unit 2B,Borough Park,NY,11219,929000,3,2.0,Borough Park,1207,4007,2012,1,770,,Active,,,https://www.redfin.com/NY/Brooklyn/1358-53rd-St-11219/unit-2B/home/40929091,OneKey® MLS as Distributed by MLS Grid,3565089,N,Y,40.6316782,-73.9930806
MLS Listing,,Multi-Family (2-4 Unit),526 Barretto St,Bronx,NY,10474,299000,5,3.0,BRONX,,2500,1935,1,,,Active,,,https://www.redfin.com/NY/Bronx/526-Barretto-St-10474/home/44716528,OneKey® MLS as Distributed by MLS Grid,3565085,N,Y,40.8107913,-73.8881535
MLS Listing,,Multi-Family (2-4 Unit),575 E 91 St,Brooklyn,NY,11236,1250000,,3.0,Brooklyn,,2800,,1,,,Active,,,https://www.redfin.com/NY/Brooklyn/575-E-91st-St-11236/home/40774390,BNYMLS,484500,N,Y,40.6526673,-73.918183
MLS Listing,,Multi-Family (2-4 Unit),85-67 85th St,Woodhaven,NY,11421,998000,5,3.0,Woodhaven,2145,4000,1910,1,465,,Active,,,https://www.redfin.com/NY/Woodhaven/8567-85th-St-11421/home/20789070,OneKey® MLS as Distributed by MLS Grid,3565084,N,Y,40.6941669,-73.8593148
MLS Listing,,Single Family Residential,86-28 96th St,Woodhaven,NY,11421,990000,5,4.0,Woodhaven,,1800,1920,1,,,Active,,,https://www.redfin.com/NY/Woodhaven/8628-96th-St-11421/home/20785412,OneKey® MLS as Distributed by MLS Grid,3565082,N,Y,40.695094,-73.8494828
MLS Listing,,Multi-Family (2-4 Unit),704 E 182nd St,Bronx,NY,10457,989000,7,4.5,BRONX,3045,1664,2001,1,325,,Active,,,https://www.redfin.com/NY/Bronx/704-E-182nd-St-10457/home/44762902,OneKey® MLS as Distributed by MLS Grid,H6317860,N,Y,40.8502691,-73.8868449
MLS Listing,,Single Family Residential,10 Rose Ave,Floral Park,NY,11001,1248000,4,3.5,Floral Park,,4000,2007,1,,,Active,July-13-2024 01:00 PM,July-13-2024 02:30 PM,https://www.redfin.com/NY/Floral-Park/10-Rose-Ave-11001/home/20473728,OneKey® MLS as Distributed by MLS Grid,3565080,N,Y,40.7231176,-73.7097434
MLS Listing,,Condo/Co-op,53-10 90th St Unit 4B,Elmhurst,NY,11373,530000,2,1.0,Condo,,,2008,1,,200,Active,,,https://www.redfin.com/NY/Elmhurst/5310-90th-St-11373/unit-4B/home/28685648,OneKey® MLS as Distributed by MLS Grid,3565078,N,Y,40.7377697,-73.8735804
MLS Listing,,Multi-Family (2-4 Unit),465 Elton St,East New York,NY,11208,1175000,7,4.0,East New York,2376,1688,1901,1,495,,Active,,,https://www.redfin.com/NY/Brooklyn/465-Elton-St-11208/home/40760228,OneKey® MLS as Distributed by MLS Grid,3565077,N,Y,40.6717039,-73.8826557
MLS Listing,,Multi-Family (2-4 Unit),2286 We St,Brooklyn,NY,11223,1190000,5,2.0,Brooklyn,1800,1499,1927,1,661,,Active,July-14-2024 12:00 PM,July-14-2024 02:00 PM,https://www.redfin.com/NY/Brooklyn/2286-West-St-11223/home/40856037,BNYMLS,484497,N,Y,40.5930042,-73.9708915
MLS Listing,,Townhouse,144 Van Pelt Ave,Staten Island,NY,10303,469000,2,2.0,Mariners Harbor,988,7350,1940,1,475,,Active,,,https://www.redfin.com/NY/Staten-Island/144-Van-Pelt-Ave-10303/home/56015743,SIBORMLS,2403955,N,Y,40.6327358,-74.1554611
MLS Listing,,Single Family Residential,129-28 135th St,South Ozone Park,NY,11420,629000,3,2.5,South Ozone Park,,2000,1925,1,,,Active,,,https://www.redfin.com/NY/South-Ozone-Park/12928-135th-St-11420/home/20721282,OneKey® MLS as Distributed by MLS Grid,3565073,N,Y,40.671482,-73.8037876
MLS Listing,,Condo/Co-op,138-35 Elder Ave Unit 20E,Flushing,NY,11355,850000,2,1.0,Woodner Tower,831,51795,1986,1,1023,576,Active,,,https://www.redfin.com/NY/Flushing/13835-Elder-Ave-11355/unit-20E/home/20850732,OneKey® MLS as Distributed by MLS Grid,3565072,N,Y,40.752756,-73.8237037
MLS Listing,,Condo/Co-op,46-20 11th St Unit 4H,Long Island City,NY,11101,1395000,2,2.0,The Bond,844,10050,2017,1,1653,880,Active,July-13-2024 11:30 AM,July-13-2024 01:00 PM,https://www.redfin.com/NY/Long-Island-City/4620-11th-St-11101/unit-4H/home/173212599,OneKey® MLS as Distributed by MLS Grid,3565069,N,Y,40.7459307,-73.9508151
MLS Listing,,Multi-Family (2-4 Unit),506 E 183rd St,Bronx,NY,10458,899000,7,3.0,BRONX,2112,1316,1901,1,426,,Active,,,https://www.redfin.com/NY/Bronx/506-E-183rd-St-10458/home/44716852,OneKey® MLS as Distributed by MLS Grid,H6317866,N,Y,40.854669,-73.892391
MLS Listing,,Vacant Land,41-11 149th Pl,Flushing,NY,11355,1280000,,,Flushing,,2375,,1,,,Active,,,https://www.redfin.com/NY/Flushing/4111-149th-Pl-11355/home/20852117,OneKey® MLS as Distributed by MLS Grid,3565070,N,Y,40.7619424,-73.8143589
MLS Listing,,Multi-Family (2-4 Unit),1678 82nd St,Brooklyn,NY,11214,1088000,4,2.5,Brooklyn,,2000,1899,1,,,Active,,,https://www.redfin.com/NY/Brooklyn/1678-82nd-St-11214/home/40828538,BNYMLS,484496,N,Y,40.611027,-74.003201
MLS Listing,,Single Family Residential,140-19 Rose Ave,Flushing,NY,11355,899000,3,2.0,Flushing,,1967,1940,1,,,Active,,,https://www.redfin.com/NY/Flushing/14019-Rose-Ave-11355/home/20852986,OneKey® MLS as Distributed by MLS Grid,3565066,N,Y,40.7466652,-73.8136429
MLS Listing,,Condo/Co-op,833 Central Unit 6g,Far Rockaway,NY,11691,265000,1,1.0,No,,,1966,1,,683,Pre On-Market,,,https://www.redfin.com/NY/Far-Rockaway/833-Central-Ave-11691/unit-6G/home/20631611,OneKey® MLS as Distributed by MLS Grid,3565063,N,Y,40.6096551,-73.7447058
MLS Listing,,Single Family Residential,109-09 215 St,Queens Village,NY,11429,473000,3,1.0,Queens Village,1418,,1925,1,334,,Active,,,https://www.redfin.com/NY/Queens-Village/10909-215th-St-11429/home/20736922,OneKey® MLS as Distributed by MLS Grid,H6317753,N,Y,40.7095851,-73.7425888
MLS Listing,,Multi-Family (2-4 Unit),2108 Dean St,Crown Heights,NY,11233,1199000,5,4.0,Crown Heights,,2144,2003,1,,,Active,,,https://www.redfin.com/NY/Brooklyn/2108-Dean-St-11233/home/40639962,OneKey® MLS as Distributed by MLS Grid,3565061,N,Y,40.674878,-73.917822
MLS Listing,,Multi-Family (2-4 Unit),199-04 47th Ave,Flushing,NY,11358,2350000,7,6.0,Flushing,,4436,2006,1,,,Pre On-Market,,,https://www.redfin.com/NY/Flushing/19904-47th-Ave-11358/home/113058579,OneKey® MLS as Distributed by MLS Grid,3565059,N,Y,40.7530561,-73.7811477
MLS Listing,,Single Family Residential,218 Finlay St,Staten Island,NY,10307,1149000,3,2.5,Tottenville,2400,5850,1994,1,479,,Active,July-14-2024 01:00 PM,July-14-2024 03:00 PM,https://www.redfin.com/NY/Staten-Island/218-Finlay-St-10307/home/56074198,SIBORMLS,2403953,N,Y,40.50212,-74.2486431
MLS Listing,,Single Family Residential,126-04 25th Ave,College Point,NY,11356,899000,3,2.0,College Point,1296,4988,1945,1,694,,Active,,,https://www.redfin.com/NY/College-Point/12604-25th-Ave-11356/home/20869586,OneKey® MLS as Distributed by MLS Grid,3565055,N,Y,40.776361,-73.8422337
MLS Listing,,Condo/Co-op,2461 E 29th St Unit 6M,Sheepshead Bay,NY,11235,290000,3,1.0,Sheepshead Terrace,1200,,1954,1,242,1229,Active,,,https://www.redfin.com/NY/Brooklyn/2461-E-29th-St-11235/unit-6M/home/191553296,OneKey® MLS as Distributed by MLS Grid,3565048,N,Y,40.5920564,-73.9410531
MLS Listing,,Condo/Co-op,91-16 Shore Front Pkwy Unit 4D,Rockaway Beach,NY,11693,599000,2,2.0,The Beachhouse,,,2005,1,,657,Pre On-Market,,,https://www.redfin.com/NY/Rockaway-Beach/9116-Shore-Front-Pkwy-11693/unit-4D/home/28686558,OneKey® MLS as Distributed by MLS Grid,3565049,N,Y,40.584549,-73.813508
MLS Listing,,Condo/Co-op,2711 Avenue X Unit 2C,Brooklyn,NY,11235,409000,2,2.0,Brooklyn,950,,1961,1,431,,Active,July-14-2024 11:00 AM,July-14-2024 12:30 PM,https://www.redfin.com/NY/Brooklyn/2711-Avenue-X-11235/unit-2C/home/175614178,BNYMLS,483869,N,Y,40.5937721,-73.9431043
MLS Listing,,Single Family Residential,491 Wooddale Ave,Staten Island,NY,10304,1549000,4,3.0,Todt Hill,3000,8880,1960,1,516,,Pre On-Market,,,https://www.redfin.com/NY/Staten-Island/491-Wooddale-Ave-10301/home/56093308,SIBORMLS,2403951,N,Y,40.6019471,-74.1127939
MLS Listing,,Single Family Residential,314 Ilyssa Way,Staten Island,NY,10312,508888,4,3.0,Arden Heights,1510,560,1996,1,337,176,Active,,,https://www.redfin.com/NY/Staten-Island/314-Ilyssa-Way-10312/home/56133129,SIBORMLS,2403950,N,Y,40.5599339,-74.185395
MLS Listing,,Single Family Residential,85-14 162nd Ave,Howard Beach,NY,11414,1250000,5,3.0,Howard Beach,,4917,1970,1,,,Pre On-Market,,,https://www.redfin.com/NY/Howard-Beach/8514-162nd-Ave-11414/home/20684239,OneKey® MLS as Distributed by MLS Grid,3565047,N,Y,40.6530061,-73.8453753
MLS Listing,,Condo/Co-op,1655 Flatbush Ave Unit B1508,Brooklyn,NY,,280000,1,1.0,Brooklyn,650,,1984,1,431,,Active,,,https://www.redfin.com/NY/Brooklyn/1655-Flatbush-Ave-11210/unit-B1508/home/40653548,BNYMLS,484468,N,Y,40.6304705,-73.944386
MLS Listing,,Multi-Family (2-4 Unit),1983 W 7th St,Brooklyn,NY,11223,1788000,12,4.0,Brooklyn,3600,2000,1931,1,497,,Active,,,https://www.redfin.com/NY/Brooklyn/1983-W-7th-St-11223/home/40852386,BNYMLS,484493,N,Y,40.5988401,-73.9788329
MLS Listing,,Condo/Co-op,33-66 Farrington St Unit 13F,Flushing,NY,11354,1380000,2,2.0,Farrington Realty Llc,858,,2017,1,1608,472,Active,,,https://www.redfin.com/NY/Flushing/3366-Farrington-St-11354/unit-13F/home/191553260,OneKey® MLS as Distributed by MLS Grid,3565033,N,Y,40.7649506,-73.8322114
MLS Listing,,Single Family Residential,116-06 207th St,Cambria Heights,NY,11411,749000,5,1.5,Cambria Heights,1300,3000,1930,1,576,,Active,,,https://www.redfin.com/NY/Cambria-Heights/11606-207th-St-11411/home/20737254,OneKey® MLS as Distributed by MLS Grid,3565032,N,Y,40.6975035,-73.7460175
MLS Listing,,Single Family Residential,6122 Tyndall Ave,Bronx,NY,10471,1099000,5,3.0,BRONX,2049,2827,1925,1,536,,Active,,,https://www.redfin.com/NY/Bronx/6122-Tyndall-Ave-10471/home/44758552,OneKey® MLS as Distributed by MLS Grid,H6317840,N,Y,40.9103944,-73.9000839
MLS Listing,,Multi-Family (2-4 Unit),1412 Taylor Ave,Bronx,NY,10460,1350000,8,6.0,BRONX,2812,2500,2003,1,480,,Active,,,https://www.redfin.com/NY/Bronx/1412-Taylor-Ave-10460/home/44722226,OneKey® MLS as Distributed by MLS Grid,H6317781,N,Y,40.8356803,-73.8658623
MLS Listing,,Single Family Residential,131 Retford Ave,Staten Island,NY,10312,798000,3,2.0,Eltingville,980,4100,1970,1,814,,Active,,,https://www.redfin.com/NY/Staten-Island/131-Retford-Ave-10312/home/56031136,SIBORMLS,2403948,N,Y,40.5388692,-74.1620344
MLS Listing,,Condo/Co-op,61-24 232nd St #6,Oakland Gardens,NY,11364,1588000,6,4.5,Briarwood At Alley Pond,3637,80480,1978,1,437,495,Active,July-13-2024 12:00 PM,July-13-2024 02:00 PM,https://www.redfin.com/NY/Oakland-Gardens/6124-232nd-St-11364/unit-6/home/20806398,OneKey® MLS as Distributed by MLS Grid,3565023,N,Y,40.7509474,-73.7467101
MLS Listing,,Multi-Family (2-4 Unit),88-41 202nd St,Hollis,NY,11423,990000,3,2.0,Hollis,,2400,1920,1,,,Active,July-13-2024 02:00 PM,July-13-2024 05:00 PM,https://www.redfin.com/NY/Hollis/8841-202nd-St-11423/home/20754084,OneKey® MLS as Distributed by MLS Grid,3565022,N,Y,40.7189668,-73.7609353
MLS Listing,,Townhouse,197-199 Barnard Ave,Staten Island,NY,10307,729000,4,2.0,Tottenville,2288,4444,1901,1,319,,Active,,,https://www.redfin.com/NY/Staten-Island/199-Barnard-Ave-10307/home/56074408,SIBORMLS,2403947,N,Y,40.513969,-74.241256
MLS Listing,,Multi-Family (2-4 Unit),57 Saratoga Ave,Yonkers,NY,10705,699000,3,2.0,Yonkers,2604,5227,1936,1,268,,Active,,,https://www.redfin.com/NY/Yonkers/57-Saratoga-Ave-10705/home/20179105,OneKey® MLS as Distributed by MLS Grid,H6317812,N,Y,40.9155092,-73.8941105
MLS Listing,,Condo/Co-op,245-52 76 Ave Unit B,Bellerose,NY,11426,378000,2,1.0,Glen Oaks Village,,,1960,1,,811,Active,,,https://www.redfin.com/NY/Jamaica/245-52-76th-Ave-11426/unit-B/home/191552709,OneKey® MLS as Distributed by MLS Grid,3565013,N,Y,40.7442855,-73.7242291
MLS Listing,,Condo/Co-op,504 Grand St Unit H5,New York,NY,10002,635000,1,1.0,Amalgamated,800,,1930,1,794,671,Active,,,https://www.redfin.com/NY/New-York/504-Grand-St-10002/unit-H5/home/191550456,OneKey® MLS as Distributed by MLS Grid,3565012,N,Y,40.7152214,-73.9819469
MLS Listing,,Single Family Residential,19 Garden St,Staten Island,NY,10314,698125,2,2.5,Westerleigh,1100,3040,1915,1,635,,Active,,,https://www.redfin.com/NY/Staten-Island/19-Garden-St-10314/home/56058814,SIBORMLS,2403945,N,Y,40.6118961,-74.1230287
MLS Listing,,Condo/Co-op,3065 Sedgwick Ave Unit 4D,Bronx,NY,10468,225000,2,1.0,3065 Sedgwick Avenue,1000,,1960,1,225,936,Active,,,https://www.redfin.com/NY/Bronx/3065-Sedgwick-Ave-10468/unit-4D/home/44799541,OneKey® MLS as Distributed by MLS Grid,H6310821,N,Y,40.8766081,-73.8998497
MLS Listing,,Condo/Co-op,141-05 Pershing Cres #218,Briarwood,NY,11435,215900,1,1.0,The Griswald,750,,1940,1,288,725,Active,July-13-2024 12:00 PM,July-13-2024 01:30 PM,https://www.redfin.com/NY/Jamaica/14105-Pershing-Cres-11435/unit-218/home/39582043,OneKey® MLS as Distributed by MLS Grid,3565008,N,Y,40.7118941,-73.8170573
MLS Listing,,Single Family Residential,108-25 Fern Pl,Jamaica,NY,11433,559000,2,2.0,Jamaica,1300,3000,1955,1,430,,Pre On-Market,,,https://www.redfin.com/NY/Jamaica/10825-Fern-Pl-11433/home/20755766,OneKey® MLS as Distributed by MLS Grid,3565002,N,Y,40.700786,-73.779848
MLS Listing,,Single Family Residential,111-39 205 St,Saint Albans,NY,11412,749000,3,2.5,Saint Albans,1350,1800,1940,1,555,,Active,,,https://www.redfin.com/NY/Saint-Albans/11139-205th-St-11412/home/20742364,OneKey® MLS as Distributed by MLS Grid,3565001,N,Y,40.7041959,-73.7511758
MLS Listing,,Single Family Residential,9 Grandview Ave,Staten Island,NY,10303,459999,2,1.5,Mariners Harbor,1404,980,1992,1,328,,Active,July-13-2024 01:00 PM,July-13-2024 03:00 PM,https://www.redfin.com/NY/Staten-Island/9-Grandview-Ave-10303/home/56061412,SIBORMLS,2403944,N,Y,40.639439,-74.1646039
MLS Listing,,Condo/Co-op,5800 Arlington Ave Unit 16A,Bronx,NY,10471,299900,1,1.0,Skyview On The Hudson,700,,1960,1,428,968,Active,July-14-2024 12:00 PM,July-14-2024 01:00 PM,https://www.redfin.com/NY/Bronx/5800-Arlington-Ave-10471/unit-16A/home/175898315,OneKey® MLS as Distributed by MLS Grid,H6317195,N,Y,40.9080398,-73.9057615
MLS Listing,,Multi-Family (2-4 Unit),110-21 56th Ave,Flushing,NY,11368,1499000,7,5.0,Flushing,3150,1583,2003,1,476,,Active,July-14-2024 03:00 PM,July-14-2024 05:00 PM,https://www.redfin.com/NY/Corona/11021-56th-Ave-11368/home/20666244,OneKey® MLS as Distributed by MLS Grid,3537366,N,Y,40.7415477,-73.8509931
MLS Listing,,Single Family Residential,207-27 47th Ave,Bayside,NY,11361,850000,3,1.5,Bayside,,3500,1965,1,,,Pre On-Market,,,https://www.redfin.com/NY/Bayside/20727-47th-Ave-11361/home/20811873,OneKey® MLS as Distributed by MLS Grid,3565000,N,Y,40.7555515,-73.7736451
MLS Listing,,Single Family Residential,654 84th St,Brooklyn,NY,11228,1350000,3,2.5,Brooklyn,1440,3303,1915,1,938,,Active,,,https://www.redfin.com/NY/Brooklyn/654-84th-St-11228/home/40818318,BNYMLS,484486,N,Y,40.6204351,-74.0216464
MLS Listing,,Multi-Family (2-4 Unit),165 28th Ave,Brooklyn,NY,11214,1575000,6,4.0,Brooklyn,3120,4495,1935,1,505,,Active,July-13-2024 11:00 AM,July-13-2024 11:30 AM,https://www.redfin.com/NY/Brooklyn/165-28th-Ave-11214/home/40849621,BNYMLS,484478,N,Y,40.5870843,-73.9873991
MLS Listing,,Multi-Family (2-4 Unit),599 Macon St,Bedford-stuyvesant,NY,11233,1200000,3,2.5,Bedford-Stuyvesant,,1917,1899,1,,,Active,,,https://www.redfin.com/NY/Brooklyn/599-Macon-St-11233/home/40722926,OneKey® MLS as Distributed by MLS Grid,3562430,N,Y,40.6838698,-73.9272797
MLS Listing,,Single Family Residential,85-33 249th St,Bellerose,NY,11426,900000,4,3.0,Bellerose,2102,4040,1945,1,428,,Active,July-14-2024 02:00 PM,July-14-2024 04:00 PM,https://www.redfin.com/NY/Bellerose/8533-249th-St-11426/home/20794643,OneKey® MLS as Distributed by MLS Grid,3562392,N,Y,40.7322757,-73.7169942
MLS Listing,,Multi-Family (2-4 Unit),1031 E 215th St,Bronx,NY,10469,695000,5,2.0,BRONX,2034,1847,1945,1,342,,Active,,,https://www.redfin.com/NY/Bronx/1031-E-215th-St-10469/home/44781904,OneKey® MLS as Distributed by MLS Grid,H6317804,N,Y,40.8780021,-73.8547725
MLS Listing,,Multi-Family (2-4 Unit),64-39 229th St,Bayside,NY,11364,1699000,6,3.5,Bayside,,4000,1960,1,,,Active,,,https://www.redfin.com/NY/Oakland-Gardens/6439-229th-St-11364/home/20806201,OneKey® MLS as Distributed by MLS Grid,3563914,N,Y,40.7482407,-73.7478872
MLS Listing,,Condo/Co-op,37-33 107th St Unit 2B,Corona,NY,11368,439000,2,1.0,Mirror Condominium,680,2500,2006,1,646,246,Active,,,https://www.redfin.com/NY/Corona/3733-107th-St-11368/unit-2B/home/45109690,OneKey® MLS as Distributed by MLS Grid,3564809,N,Y,40.7531167,-73.8609502
MLS Listing,,Condo/Co-op,213-02 73 Ave Unit 6G,Bayside,NY,11364,260000,1,1.0,Oakland Gardens,,,1955,1,,805,Active,,,https://www.redfin.com/NY/Oakland-Gardens/213-2-73rd-Ave-11364/unit-6-G/home/167171571,OneKey® MLS as Distributed by MLS Grid,3564984,N,Y,40.7399684,-73.7609392
MLS Listing,,Single Family Residential,1141 Ellsworth Ave,Bronx,NY,10465,749999,3,2.5,BRONX,1728,2520,1950,1,434,,Active,July-20-2024 01:00 PM,July-20-2024 03:00 PM,https://www.redfin.com/NY/Bronx/1141-Ellsworth-Ave-10465/home/44785292,OneKey® MLS as Distributed by MLS Grid,3564962,N,Y,40.8357499,-73.822964
MLS Listing,,Single Family Residential,91-21 84th St,Woodhaven,NY,11421,768000,3,2.5,Woodhaven,1336,2000,1920,1,575,,Active,July-14-2024 01:00 PM,July-14-2024 03:30 PM,https://www.redfin.com/NY/Woodhaven/9121-84th-St-11421/home/20787716,OneKey® MLS as Distributed by MLS Grid,3564990,N,Y,40.6869368,-73.8577508
MLS Listing,,Condo/Co-op,151 Eagle St #3,Greenpoint,NY,11222,485000,1,1.0,Frame,,,1928,1,,450,Active,July-13-2024 12:00 PM,July-13-2024 02:00 PM,https://www.redfin.com/NY/Brooklyn/151-Eagle-St-11222/unit-3/home/191552180,OneKey® MLS as Distributed by MLS Grid,3564970,N,Y,40.7353548,-73.9546552
MLS Listing,,Condo/Co-op,45 Tudor City Pl #1403,New York,NY,10017,299900,0,1.0,New York,,,,1,,1061,Active,July-14-2024 12:00 PM,July-14-2024 01:30 PM,https://www.redfin.com/NY/New-York/45-Tudor-City-Pl-10017/unit-1403/home/45168422,OneKey® MLS as Distributed by MLS Grid,H6317791,N,Y,40.7493702,-73.9699861
MLS Listing,,Condo/Co-op,226-26 Union Tpke Unit 5A,Bayside,NY,11364,174800,0,1.0,Cambridge Hall,,,1956,1,,611,Active,July-13-2024 11:00 AM,July-13-2024 12:30 PM,https://www.redfin.com/NY/Oakland-Gardens/22626-Union-Tpke-11364/unit-5A/home/69717477,OneKey® MLS as Distributed by MLS Grid,3564979,N,Y,40.735656,-73.7445259
MLS Listing,,Multi-Family (2-4 Unit),158 Beach 122nd St,Rockaway Park,NY,11694,1599999,7,4.5,Rockaway Park,,8000,1929,1,,,Active,,,https://www.redfin.com/NY/Rockaway-Park/158-Beach-122nd-St-11694/home/20669595,OneKey® MLS as Distributed by MLS Grid,3564965,N,Y,40.5769946,-73.8412748
MLS Listing,,Multi-Family (2-4 Unit),70-31 71st Pl,Ridgewood,NY,11385,659000,4,2.0,Ridgewood,,2500,1925,1,,,Active,,,https://www.redfin.com/NY/Glendale/7031-71st-Pl-11385/home/20877893,OneKey® MLS as Distributed by MLS Grid,3564966,N,Y,40.705333,-73.880257
MLS Listing,,Condo/Co-op,2949 137 St Unit 3H,Flushing,NY,11354,268000,1,1.0,Linden Tower,800,,1957,1,335,623,Active,,,https://www.redfin.com/NY/Flushing/2949-137th-St-11354/unit-3H/home/20656128,OneKey® MLS as Distributed by MLS Grid,3564942,N,Y,40.7702869,-73.8312135
MLS Listing,,Condo/Co-op,228-22 Stronghurst Ave #1,Queens Village,NY,11427,315000,3,1.0,Bell Park Manor Terrace,,,1955,1,,1019,Active,,,https://www.redfin.com/NY/Queens/228-22-Stronghurst-Ave-11427/unit-1/home/191552179,OneKey® MLS as Distributed by MLS Grid,3564950,N,Y,40.7348821,-73.7419621
MLS Listing,,Condo/Co-op,25 Tudor City Pl #303,New York,NY,10017,315000,0,1.0,New York,,,,1,,1076,Active,,,https://www.redfin.com/NY/New-York/25-Tudor-City-Pl-10017/unit-303/home/45201794,OneKey® MLS as Distributed by MLS Grid,H6317798,N,Y,40.7486808,-73.9705383
MLS Listing,,Single Family Residential,63-40 Fresh Pond Rd,Queens,NY,11385,2150000,3,1.0,Queens,5833,,,1,369,,Active,,,https://www.redfin.com/NY/Ridgewood/6340-Fresh-Pond-Rd-11385/home/20882705,OneKey® MLS as Distributed by MLS Grid,H6317790,N,Y,40.7108469,-73.8999471
MLS Listing,,Multi-Family (2-4 Unit),73-20 175th St,Fresh Meadows,NY,11366,1188000,4,2.5,Fresh Meadows,1800,2200,1940,1,660,,Active,July-14-2024 12:00 PM,July-14-2024 02:15 PM,https://www.redfin.com/NY/Fresh-Meadows/7320-175th-St-11366/home/20816322,OneKey® MLS as Distributed by MLS Grid,3564946,N,Y,40.728928,-73.795269
MLS Listing,,Multi-Family (2-4 Unit),1684 W 9th St,Brooklyn,NY,11223,2100000,8,4.5,Brooklyn,3135,2100,1965,1,670,,Active,,,https://www.redfin.com/NY/Brooklyn/1684-W-9th-St-11223/home/40838776,BNYMLS,484437,N,Y,40.6057256,-73.9824749
MLS Listing,,Multi-Family (2-4 Unit),6216 5th Ave,Brooklyn,NY,11220,2300000,6,2.0,Brooklyn,3300,1600,,1,697,,Active,,,https://www.redfin.com/NY/Brooklyn/6216-5th-Ave-11220/home/169206399,BNYMLS,484469,N,Y,40.638141,-74.017938
MLS Listing,,Condo/Co-op,2727 Ocean Pkwy Unit A14,Brooklyn,NY,11235,318000,1,1.0,Brooklyn,800,,,1,398,,Active,July-13-2024 12:00 PM,July-13-2024 01:00 PM,https://www.redfin.com/NY/Brooklyn/2727-Ocean-Pkwy-11235/unit-a14/home/190955115,BNYMLS,484488,N,Y,40.5823273,-73.9664921
MLS Listing,,Single Family Residential,16 Berry Ct,Staten Island,NY,10309,539900,3,1.5,Rossville,1440,1600,1988,1,375,264,Active,July-13-2024 01:00 PM,July-13-2024 03:00 PM,https://www.redfin.com/NY/Staten-Island/16-Berry-Ct-10309/home/185858175,SIBORMLS,2403810,N,Y,40.5497729,-74.2114984
MLS Listing,,Single Family Residential,246 Howard Ave,Staten Island,NY,10301,2890000,4,4.5,Grymes Hill,6000,13200,1992,2,482,,Active,,,https://www.redfin.com/NY/Staten-Island/246-Howard-Ave-10301/home/56116842,SIBORMLS,2403943,N,Y,40.6239791,-74.0887821
MLS Listing,,Multi-Family (2-4 Unit),1309 Gates Ave,Bushwick,NY,11221,1300000,9,6.0,Bushwick,,1946,2007,2,,,Active,,,https://www.redfin.com/NY/Brooklyn/1309-Gates-Ave-11221/home/40671473,OneKey® MLS as Distributed by MLS Grid,3564939,N,Y,40.6946652,-73.9173244
MLS Listing,,Condo/Co-op,116-17 Grosvenor Ln Unit 7A,Kew Gardens,NY,11418,655000,2,1.0,Garden Lane,759,,2021,2,863,510,Active,July-14-2024 11:30 AM,July-14-2024 01:00 PM,https://www.redfin.com/NY/Richmond-Hill/11617-Grosvenor-Ln-11418/unit-7A/home/180602794,OneKey® MLS as Distributed by MLS Grid,3564938,N,Y,40.7070126,-73.8359651
MLS Listing,,Townhouse,300 Sandalwood Dr,Staten Island,NY,10308,999000,5,4.0,Great Kills,2470,2799,1985,2,404,,Active,July-13-2024 01:00 PM,July-13-2024 03:00 PM,https://www.redfin.com/NY/Staten-Island/300-Sandalwood-Dr-10308/home/56070454,SIBORMLS,2403942,N,Y,40.558483,-74.1434225
MLS Listing,,Condo/Co-op,86-15 Broadway Unit 8C,Elmhurst,NY,11373,350000,1,1.0,Grandview Towers,700,,1963,2,500,793,Active,,,https://www.redfin.com/NY/Elmhurst/8615-Broadway-11373/unit-8C/home/20656260,OneKey® MLS as Distributed by MLS Grid,3564930,N,Y,40.7382991,-73.8766891
MLS Listing,,Multi-Family (2-4 Unit),1511 Overing St,Bronx,NY,10461,1250000,7,4.0,BRONX,2750,2226,1925,2,455,,Active,July-13-2024 01:00 PM,July-13-2024 03:00 PM,https://www.redfin.com/NY/Bronx/1511-Overing-St-10461/home/44731227,OneKey® MLS as Distributed by MLS Grid,H6317752,N,Y,40.8408746,-73.845961
MLS Listing,,Condo/Co-op,3130 Brighton 6th St Unit 1L,Brooklyn,NY,11235,410000,1,1.0,Brooklyn,900,,,2,456,,Active,,,https://www.redfin.com/NY/Brooklyn/3130-Brighton-6th-St-11235/unit-1L/home/146058891,BNYMLS,484477,N,Y,40.5764047,-73.9615089
MLS Listing,,Townhouse,23 Millennium Loop,Staten Island,NY,10309,735000,3,2.5,Woodrow,1832,2835,1999,2,401,50,Active,July-13-2024 01:00 PM,July-13-2024 03:00 PM,https://www.redfin.com/NY/Staten-Island/23-Millennium-Loop-10309/home/56084324,SIBORMLS,2403941,N,Y,40.5474472,-74.216299
MLS Listing,,Multi-Family (2-4 Unit),36-38 215 Pl,Bayside,NY,11361,1430000,4,4.5,Bayside,1598,2500,2005,2,895,,Active,,,https://www.redfin.com/NY/Bayside/3638-215th-Pl-11361/home/20646263,OneKey® MLS as Distributed by MLS Grid,3564921,N,Y,40.7675993,-73.7688495
MLS Listing,,Multi-Family (2-4 Unit),58 Greene Ave,Fort Greene,NY,11238,4300000,7,7.0,Fort Greene,4700,2000,1931,2,915,,Active,,,https://www.redfin.com/NY/Brooklyn/58-Greene-Ave-11238/home/182527767,OneKey® MLS as Distributed by MLS Grid,3564917,N,Y,40.6860471,-73.9700702
MLS Listing,,Single Family Residential,89-84 219th St,Queens Village,NY,11427,725000,3,1.5,Queens Village,1300,3000,1930,2,558,,Active,July-13-2024 11:00 AM,July-13-2024 01:00 PM,https://www.redfin.com/NY/Queens-Village/8984-219th-St-11427/home/20745252,OneKey® MLS as Distributed by MLS Grid,3564912,N,Y,40.7266174,-73.7428785
MLS Listing,,Multi-Family (2-4 Unit),2925 Otis Ave,Bronx,NY,10465,1375000,4,4.0,BRONX,3400,2500,1930,2,404,,Active,,,https://www.redfin.com/NY/Bronx/2925-Otis-Ave-10465/home/191546783,OneKey® MLS as Distributed by MLS Grid,H6317194,N,Y,40.8330071,-73.8268947
MLS Listing,,Condo/Co-op,63-33 98th Pl Unit 5E,Rego Park,NY,11374,345000,1,1.0,Halsey House,,,1950,2,,826,Pre On-Market,,,https://www.redfin.com/NY/Queens/63-33-98th-Pl-11374/unit-5E/home/184740267,OneKey® MLS as Distributed by MLS Grid,3564903,N,Y,40.7317425,-73.8578209
MLS Listing,,Condo/Co-op,40-24 76th St Unit 4A,Elmhurst,NY,11373,488000,1,1.0,Oakland Tower Condo,495,4000,2007,2,986,324,Active,,,https://www.redfin.com/NY/Elmhurst/4024-76th-St-11373/unit-4A/home/21669490,OneKey® MLS as Distributed by MLS Grid,3564898,N,Y,40.7462826,-73.8895487
MLS Listing,,Condo/Co-op,42-35 Main St Unit 11G,Flushing,NY,11355,938000,2,2.0,Arcadia,779,,2013,2,1204,663,Active,July-14-2024 01:00 PM,July-14-2024 03:00 PM,https://www.redfin.com/NY/Flushing/4235-Main-St-11355/unit-11G/home/59307765,OneKey® MLS as Distributed by MLS Grid,3564897,N,Y,40.7546496,-73.8276652
MLS Listing,,Single Family Residential,462 Beach 45th St,Far Rockaway,NY,11691,580000,2,1.0,Far Rockaway,525,1825,1905,2,1105,,Pre On-Market,,,https://www.redfin.com/NY/Far-Rockaway/462-Beach-45th-St-11691/home/20670713,OneKey® MLS as Distributed by MLS Grid,3564890,N,Y,40.5974278,-73.7765482
MLS Listing,,Townhouse,96 Slater Blvd,Staten Island,NY,10305,1100000,6,4.5,DngnHillsB-Hylan,2187,4704,1970,2,503,,Active,July-13-2024 01:00 PM,July-13-2024 03:00 PM,https://www.redfin.com/NY/Staten-Island/96-Slater-Blvd-10305/home/56063828,SIBORMLS,2403940,N,Y,40.5818779,-74.0925433
MLS Listing,,Multi-Family (2-4 Unit),1925 62nd St,Brooklyn,NY,11204,1180000,4,3.0,Brooklyn,1440,1800,1925,2,819,,Active,,,https://www.redfin.com/NY/Brooklyn/1925-62nd-St-11204/home/40800109,BNYMLS,484460,N,Y,40.6193145,-73.9854554
MLS Listing,,Condo/Co-op,161 W 61 St Unit 23C,New York,NY,10023,1900000,2,2.0,The Alfred,1209,14109,1987,2,1572,2036,Active,,,https://www.redfin.com/NY/New-York/161-W-61st-St-10023/unit-23C/home/45267445,OneKey® MLS as Distributed by MLS Grid,3564888,N,Y,40.7715383,-73.9858725
MLS Listing,,Multi-Family (2-4 Unit),192 E 57th St,East Flatbush,NY,11203,899000,6,4.5,East Flatbush,,3900,1930,2,,,Active,,,https://www.redfin.com/NY/Brooklyn/192-E-57th-St-11203/home/191546018,OneKey® MLS as Distributed by MLS Grid,3564880,N,Y,40.6513147,-73.9237879
MLS Listing,,Single Family Residential,143-03 11th Ave,Whitestone,NY,11357,1890000,3,3.5,Whitestone,3605,4100,1960,2,524,,Active,,,https://www.redfin.com/NY/Whitestone/14303-11th-Ave-11357/home/20867824,OneKey® MLS as Distributed by MLS Grid,3564885,N,Y,40.7891992,-73.8261231
MLS Listing,,Multi-Family (2-4 Unit),1144 Halsey St #4,Bushwick,NY,11207,1800000,6,3.5,Bushwick,3960,1672,1905,2,455,,Active,,,https://www.redfin.com/NY/Brooklyn/1144-Halsey-St-11207/unit-4/home/191545887,OneKey® MLS as Distributed by MLS Grid,3564876,N,Y,40.6899956,-73.9106656
MLS Listing,,Multi-Family (2-4 Unit),145-19 225th St,Springfield Gardens,NY,11413,1400000,6,5.0,Springfield Gardens,,5100,1930,2,,,Active,,,https://www.redfin.com/NY/Springfield-Gardens/14519-225th-St-11413/home/20689549,OneKey® MLS as Distributed by MLS Grid,3564879,N,Y,40.6623971,-73.7541363
MLS Listing,,Multi-Family (2-4 Unit),370 Crescent St,Cypress Hills,NY,11208,1150000,3,2.5,Cypress Hills,2000,2500,1930,2,575,,Active,,,https://www.redfin.com/NY/Brooklyn/370-Crescent-St-11208/home/52389282,OneKey® MLS as Distributed by MLS Grid,3564874,N,Y,40.6798179,-73.8712869
MLS Listing,,Multi-Family (2-4 Unit),186-05 140th Ave,Springfield Gardens,NY,11413,899999,4,3.0,Springfield Gardens,,5018,1950,2,,,Active,,,https://www.redfin.com/NY/Springfield-Gardens/18605-140th-Ave-11413/home/20696049,OneKey® MLS as Distributed by MLS Grid,3564873,N,Y,40.6728288,-73.7582648
MLS Listing,,Condo/Co-op,45-06 80 St Unit 3C,Elmhurst,NY,11373,545000,2,1.5,Elmhurst,766,,1987,2,711,220,Active,,,https://www.redfin.com/NY/Elmhurst/45-06-80th-St-11373/unit-3C/home/191545731,OneKey® MLS as Distributed by MLS Grid,3564868,N,Y,40.7411661,-73.8849178
MLS Listing,,Condo/Co-op,401 95th St Unit 3B,Brooklyn,NY,11209,849000,2,2.0,Brooklyn,906,,2018,2,937,,Active,July-14-2024 02:00 PM,July-14-2024 03:00 PM,https://www.redfin.com/NY/Brooklyn/401-95th-St-11209/unit-3B/home/170450854,BNYMLS,484463,N,Y,40.6156673,-74.0306773
MLS Listing,,Condo/Co-op,8726 Bay 16th St Unit 2A,Bensonhurst,NY,11214,838000,3,2.0,Pjm Developers Llc,1107,,2007,2,757,255,Active,,,https://www.redfin.com/NY/Brooklyn/8726-Bay-16th-St-11214/unit-2A/home/40679059,OneKey® MLS as Distributed by MLS Grid,3564865,N,Y,40.6057503,-74.0069452
MLS Listing,,Single Family Residential,207-49 28th Ave,Bayside,NY,11360,1298000,4,3.0,Bayside,1900,4550,1960,2,683,,Active,July-14-2024 01:00 PM,July-14-2024 03:00 PM,https://www.redfin.com/NY/Bayside/20749-28th-Ave-11360/home/20836531,OneKey® MLS as Distributed by MLS Grid,3564863,N,Y,40.7746276,-73.7828382
MLS Listing,,Condo/Co-op,40-55 College Point Blvd Unit 6B,Flushing,NY,11354,989000,2,2.0,Xintiandi,1241,,1932,2,797,5616,Active,July-13-2024 02:00 PM,July-13-2024 04:00 PM,https://www.redfin.com/NY/Flushing/4055-College-Point-Blvd-11354/unit-6B/home/50217044,OneKey® MLS as Distributed by MLS Grid,3564860,N,Y,40.756607,-73.833495
MLS Listing,,Single Family Residential,155-41 Foch Blvd,Jamaica,NY,11434,749000,3,2.5,Jamaica,,2125,1965,2,,,Active,,,https://www.redfin.com/NY/Jamaica/15541-Foch-Blvd-11434/home/20711010,OneKey® MLS as Distributed by MLS Grid,3564858,N,Y,40.6827367,-73.7872005
MLS Listing,,Multi-Family (5+ Unit),10-41 115th St,College Point,NY,11356,1148000,11,6.0,College Point,,3160,1928,2,,,Active,,,https://www.redfin.com/NY/College-Point/1041-115th-St-11356/home/20870765,OneKey® MLS as Distributed by MLS Grid,3564855,N,Y,40.787478,-73.8521926
MLS Listing,,Condo/Co-op,2685 E 22nd St Unit 2B,Brooklyn,NY,11235,849000,2,2.0,Brooklyn,1128,,2015,2,753,,Active,,,https://www.redfin.com/NY/Brooklyn/2685-E-22nd-St-11235/unit-2B/home/146394381,BNYMLS,484432,N,Y,40.5867544,-73.9468692
MLS Listing,,Condo/Co-op,393 Avenue S Unit 5F,Brooklyn,NY,11223,250000,1,1.0,Brooklyn,670,,,2,373,,Active,,,https://www.redfin.com/NY/Brooklyn/393-Avenue-U-11223/unit-5f/home/189459184,BNYMLS,484483,N,Y,40.5973808,-73.9696049
MLS Listing,,Multi-Family (2-4 Unit),814 E 242nd St,Bronx,NY,10470,700000,4,2.0,BRONX,1968,2500,1925,2,356,,Active,,,https://www.redfin.com/NY/Bronx/814-E-242nd-St-10470/home/44784875,OneKey® MLS as Distributed by MLS Grid,H6316087,N,Y,40.904863,-73.847075
MLS Listing,,Condo/Co-op,90-08 32nd Ave #509,East Elmhurst,NY,11369,359000,1,1.0,Northridge,1000,,1952,2,359,861,Active,,,https://www.redfin.com/NY/East-Elmhurst/9008-32nd-Ave-11369/unit-509/home/20660992,OneKey® MLS as Distributed by MLS Grid,3564847,N,Y,40.7582945,-73.8776765
MLS Listing,,Multi-Family (2-4 Unit),21405 23rd Ave,Bayside,NY,11360,1488000,5,3.0,Bayside,2714,3200,1970,2,548,,Active,July-14-2024 01:00 PM,July-14-2024 03:00 PM,https://www.redfin.com/NY/Bayside/21405-23rd-Ave-11360/home/20834676,OneKey® MLS as Distributed by MLS Grid,3564849,N,Y,40.782767,-73.776355
MLS Listing,,Condo/Co-op,109-09 15 Ave Unit N108,College Point,NY,11356,1680000,3,2.0,College Point,,,2019,2,,550,Active,,,https://www.redfin.com/NY/College-Point/10909-15th-Ave-11356/unit-N108/home/175794140,OneKey® MLS as Distributed by MLS Grid,3564844,N,Y,40.7841342,-73.856907
MLS Listing,,Multi-Family (2-4 Unit),92-09 241st St,Bellerose,NY,11426,1088000,5,3.0,Bellerose,2836,2200,1965,2,384,,Pre On-Market,July-20-2024 01:30 PM,July-20-2024 03:30 PM,https://www.redfin.com/NY/Bellerose/9209-241st-St-11426/home/20804891,OneKey® MLS as Distributed by MLS Grid,3564842,N,Y,40.7260084,-73.7271564
MLS Listing,,Condo/Co-op,66-36 Yellowstone Blvd Unit 6K,Forest Hills,NY,11375,329000,1,1.0,Birchood Towers,,,1965,2,,949,Active,July-14-2024 12:00 PM,July-14-2024 01:30 PM,https://www.redfin.com/NY/Forest-Hills/6636-Yellowstone-Blvd-11375/unit-6K/home/103760613,OneKey® MLS as Distributed by MLS Grid,3564837,N,Y,40.728651,-73.849805
MLS Listing,,Condo/Co-op,1755 Benson Ave Unit 3D,Brooklyn,NY,11214,720000,2,2.0,Brooklyn,758,,2024,2,950,,Active,July-13-2024 03:00 PM,July-13-2024 05:00 PM,https://www.redfin.com/NY/Brooklyn/1755-Benson-Ave-11214/unit-3D/home/191545415,BNYMLS,484273,N,Y,40.6060801,-74.004919
MLS Listing,,Condo/Co-op,1755 Benson Ave Unit 3C,Brooklyn,NY,11214,710000,2,2.0,Brooklyn,758,,2024,2,937,,Active,July-13-2024 03:00 PM,July-13-2024 05:00 PM,https://www.redfin.com/NY/Brooklyn/1755-Benson-Ave-11214/unit-3C/home/191545414,BNYMLS,484272,N,Y,40.6060801,-74.004919
MLS Listing,,Condo/Co-op,1755 Benson Ave Unit 3B,Brooklyn,NY,11214,699000,2,2.0,Brooklyn,737,,2024,2,948,,Active,July-13-2024 03:00 PM,July-13-2024 05:00 PM,https://www.redfin.com/NY/Brooklyn/1755-Benson-Ave-11214/unit-3B/home/191545370,BNYMLS,484271,N,Y,40.6060801,-74.004919
MLS Listing,,Condo/Co-op,1755 Benson Ave Unit 3A,Brooklyn,NY,11214,699000,2,2.0,Brooklyn,739,,2024,2,946,,Active,July-13-2024 03:00 PM,July-13-2024 05:00 PM,https://www.redfin.com/NY/Brooklyn/1755-Benson-Ave-11214/unit-3A/home/191545369,BNYMLS,484270,N,Y,40.6060801,-74.004919
MLS Listing,,Condo/Co-op,112-02 Northern Blvd Unit 6th,Corona,NY,11368,589000,2,1.5,Sage House,1184,,2009,2,497,504,Active,July-13-2024 01:00 PM,July-13-2024 03:00 PM,https://www.redfin.com/NY/Corona/11202-Northern-Blvd-11368/unit-6TH/home/59308070,OneKey® MLS as Distributed by MLS Grid,3564829,N,Y,40.7579337,-73.8571411
MLS Listing,,Condo/Co-op,85-15 Main St Unit 10A,Briarwood,NY,11435,260000,1,1.0,The Green Briar,,,1967,2,,1124,Active,,,https://www.redfin.com/NY/Jamaica/8515-Main-St-11435/unit-10A/home/28683647,OneKey® MLS as Distributed by MLS Grid,3564828,N,Y,40.7097879,-73.8188271
MLS Listing,,Condo/Co-op,66-36 Yellowstone Blvd Unit 19E,Forest Hills,NY,11375,469000,1,1.0,Birchwood Towers,,,1965,2,,1367,Active,July-14-2024 12:00 PM,July-14-2024 01:30 PM,https://www.redfin.com/NY/Forest-Hills/6636-Yellowstone-Blvd-11375/unit-19E/home/191545133,OneKey® MLS as Distributed by MLS Grid,3564824,N,Y,40.7287426,-73.8496919
MLS Listing,,Condo/Co-op,640 W 237th St Unit 20B,Bronx,NY,10463,2999000,4,4.5,-,2755,,2008,2,1089,,Active,,,https://www.redfin.com/NY/Bronx/640-W-237th-St-10463/unit-20B/home/44804089,OneKey® MLS as Distributed by MLS Grid,H6317594,N,Y,40.8880673,-73.9121036
MLS Listing,,Townhouse,303 Sprague Ave,Staten Island,NY,10307,1174999,3,2.5,Tottenville,2700,2700,2005,2,435,,Active,,,https://www.redfin.com/NY/Staten-Island/303-Sprague-Ave-10307/home/56117729,SIBORMLS,2403937,N,Y,40.5037643,-74.2372386
MLS Listing,,Condo/Co-op,211-03 18 Ave #185,Bayside,NY,11360,279000,1,1.0,Bay Terrace Gardens,,,1958,2,,768,Active,,,https://www.redfin.com/NY/Bayside/211-03-18th-Ave-11360/unit-185/home/191545052,OneKey® MLS as Distributed by MLS Grid,3564821,N,Y,40.7823714,-73.781681
MLS Listing,,Condo/Co-op,32-25 90 St #410,East Elmhurst,NY,11369,248000,1,1.0,Northridge,750,,1952,2,331,696,Active,July-14-2024 01:00 PM,July-14-2024 04:00 PM,https://www.redfin.com/NY/East-Elmhurst/32-25-90th-St-11369/unit-410/home/189677235,OneKey® MLS as Distributed by MLS Grid,3564820,N,Y,40.7577694,-73.877971
MLS Listing,,Condo/Co-op,2630 Cropsey Ave Unit 9K,Brooklyn,NY,11214,385000,2,1.0,Brooklyn,1000,,1963,2,385,,Active,July-13-2024 03:30 PM,July-13-2024 05:00 PM,https://www.redfin.com/NY/Brooklyn/2630-Cropsey-Ave-11214/unit-9K/home/191544938,BNYMLS,484474,N,Y,40.5893269,-73.9912099
MLS Listing,,Condo/Co-op,160-10 89th Ave Unit 7K,Jamaica,NY,11432,269000,2,1.0,Jamaica Towers,,,1960,2,,1401,Active,,,https://www.redfin.com/NY/Jamaica/16010-89th-Ave-11432/unit-7K/home/191544818,OneKey® MLS as Distributed by MLS Grid,3564815,N,Y,40.7065166,-73.7999236
MLS Listing,,Multi-Family (2-4 Unit),118-83 Riverton St,Jamaica,NY,11412,907500,8,4.0,Jamaica,,7000,1920,2,,,Active,,,https://www.redfin.com/NY/Jamaica/118-83-Riverton-St-11412/home/191544700,OneKey® MLS as Distributed by MLS Grid,3564811,N,Y,40.688037,-73.762544
MLS Listing,,Condo/Co-op,26910 Grand Central Pkwy Unit 24D,Floral Park,NY,11005,799000,2,2.5,North Shore Towers,1719,,1975,2,465,3366,Active,,,https://www.redfin.com/NY/Queens/26910-Grand-Central-Pkwy-11005/unit-24D/home/165612977,OneKey® MLS as Distributed by MLS Grid,3564808,N,Y,40.757181,-73.714414
MLS Listing,,Multi-Family (2-4 Unit),110-39 63rd Ave,Forest Hills,NY,11375,1850000,6,4.0,Forest Hills,3600,2921,1991,2,514,,Active,,,https://www.redfin.com/NY/Forest-Hills/11039-63rd-Ave-11375/home/20911385,OneKey® MLS as Distributed by MLS Grid,3564814,N,Y,40.7362909,-73.8469919
